verse,polarity
Λύθηκε η σύναξη· στα γρήγορα καράβια του τ᾿ ασκέρι,-1
"πίσω γυρνάει σκορπώντας, κι όλοι τους το δείπνο να χαρούνε",0
και το γλυκό τον ύπνο εγνοιάζουνταν. Μόνο ο Αχιλλέας θρηνούσε,0
"το σύντροφο του αναθυμάμενος, κι ουδέ καθόλου ο γύπνος",-1
"ο παντοδαμαστής τον έπιανε, μον᾿ γύρναε δώθε κείθε,",0
"αναθιβάνοντας του Πάτροκλου την αντριγιά, τη νιότη,",0
"τα όσα κι οι δυο μαζί αντραγάθησαν, τα όσα μαζί ετραβήξαν",0
μέσα σε τόσα αντροπαλέματα και κύματα αγριεμένα.,0
"Τούτα στο νου του εκλωθογύριζε κι αστέρευτα θρηνούσε,",0
"πα στο πλευρό τη μια κοιτάμενος, τ᾿ ανάσκελα",0
"την άλλη,",0
την άλλη απίστομα᾿ καί κάποτε πετιόταν ξάφνου ολόρθος,0
"και στο γιαλό τρογύρναε ξέφρενος. Κι η κάθε αυγή, το κύμα",0
"και το ακρογιάλι γύρα ως φώτιζε, τον έβρισκε στο πόδι.",0
Τότε μεμιάς στο αμάξι του έζευε τα γρήγορα άλογα του,-1
"τον Έχτορα ξοπίσω δένοντας, στη γη να βωλοσούρνει.",0
"Και τρεις φορές το γύρο ως του 'κανε στου Πάτροκλου το μνήμα,",0
γύριζε πίσω στο καλύβι του᾿ κι αυτόν τον παρατούσε,0
στον κουρνιαχτό απλωτό τ᾿ απίστομα. Μα το κορμί του βλάβος,0
"δεν άφηνε κανένα ο Απόλλωνας να πάθει᾿ τον πονούσε,",0
νεκρός κι ας ήταν. Με τ᾿ ολόχρυσο σκουτάρι του τρογύρα,0
"τον σκέπαζε όλο, ως τον βωλόσουρνε μην ξεγδαρθεί στο χώμα.",0
Έτσι ο Αχιλλέας με λύσσα εντρόπιαζε τον Έχτορα το θείο',0
"όμως θωρώντας τον οι αθάνατοι θεοί τον σπλαχνιζόνταν,",0
και τον Αργοφονιά τον άγρυπνο να του τον κλέψει έσπρωχναν.,0
"Οι άλλοι θεοί το θέλαν όλοι τους, μονάχα ο Ποσειδώνας",0
"κι η Ήρα μαζί τους αντιμάχουνταν κι η γλαυκομάτα κόρη,",0
που αποξαρχής ως τώρα αδιάκοπα την άγια Τροία μισούσαν,1
"και το λαό της και το ρήγα της, απ᾿ αφορμή του Πάρη,",0
"τις δυο θεές που καταφρόνεσε, σαν ήρθαν στο μαντρί του,",0
κι εκείνη ετίμησε που του άναψε λαχτάρα φαρμακούσα.,0
"Μα όταν περνώντας μέρες έντεκα ξημέρωσε και πάλε,",-1
μίλησε τότε στους αθάνατους ο Απόλλωνας ο Φοίβος:,0
«Θεοί κακόπραγοι κι ανέσπλαχνοι! ποτέ μεριά βοδίσια,0
"στη χάρη σας δεν έκαψε ο Έχτορας, ποτέ μεριά από γίδια;",0
και τώρα πια νεκρός που κοίτεται δε βάσταξε η καρδιά σας,0
"να τον γλιτώσετε, η γυναίκα του να τόνε ιδεί κι ο γιος του",-1
"κι ο γέρο Πρίαμος κι η μητέρα του κι οι Τρώες, που θα τον καίγαν",0
στις φλόγες πάνω και θα του 'καναν και τιμημένο ξόδι.,0
"Το 'χετε κάλλιο να συντρέχετε τον άσπλαχνο Αχιλλέα,",-1
"που είναι η καρδιά του πάντα αμέρωτη στα στήθη,",-1
κι είναι ο νους του,0
"γεμάτος αδικία, κι η γνώμη του σκληρή, καθώς του λιόντα,",0
που η γαύρη του τον σπρώχνει δύναμη κι η πέρφανη καρδιά του,0
στου κόσμου τα κοπάδια πέφτοντας να φάει και να χορτάσει',0
"παρόμοια κι ο Αχιλλέας συμπόνεση καμιά δεν έχει, μήτε",0
"ντροπή, που αλί στον που την έχασε, χαρά στον που την έχει!",0
"Θαρρώ να χάσει κι άλλος έτυχε και πιο ακριβό δικό του,",-1
για απ᾿ την κοιλιά την ίδια αδέρφι του για και παιδί του ακόμα᾿,0
"μ᾿ αφού τον έκλαψε και δάρθηκε, σωπαίνει και μερώνει,",0
τι οι Μοίρες την καρδιά στον άνθρωπο βασταγερή τη δώσαν.,0
"Όμως αυτός το θείο τον Έχτορα, σαν πήρε τη ζωή του,",0
δεμένο πίσω από το αμάξι του. στού ακράνη του το μνήμα,0
τον βωλοσούρνει᾿ τέτοιο φέρσιμο δε θα 'βγει σε καλό του.,0
"Μην πέσει στη δικιά μας όργητα, με όσην αντρεία κι αν έχει·",0
"τι ό,τι ντροπιάζει αυτός μανιάζοντας ανέψυχο είναι χώμα.»",0
Θυμό γιομάτη η χιονοβράχιονη του μίλησε Ήρα τότε:,0
"«Τι λόγια αυτά είναι, Ασημοδόξαρε! μιλάς με τα σωστά σου;",0
"το ίδιο τιμάτε με τον Έχτορα τον Αχιλλέα, κι ας ήταν",0
"θνητός ο πρώτος, κι ας εβύζαξε θνητής γυναίκας γάλα;",0
"Όμως θεά είναι αυτή που γέννησε τον Αχιλλέα, κι ατή μου",0
"μ᾿ έγνοια μεγάλη την ανάστησα, και σε θνητό τη δίνω",0
"γυναίκα, τον Πηλέα, που αγάπησαν όλοι οι θεοί περίσσια.",0
"Κι όλοι ήστε εκεί οι θεοί στο γάμο του, και συ μαζί γλεντούσες",0
"με την κιθάρα, πάντα σου άπιστε και των κακών ακράνη!»",0
Γυρνώντας τότε ο Δίας της μίλησεν ο νεφελοστοιβάχτης:,0
"« Ήρα, δε θέλω τους αθάνατους καθόλου ν᾿ αποπαίρνεις.",-1
Ίδια τιμή στους δυο δε δίνουμε᾿ μα κι ο Έχτορας απ᾿ όλους,0
"στην Τροία που ζούνε την αγάπη μας την πιο τρανή είχε πάντα,",1
και τη δικιά μου πάντα έγνοιάζουνταν να μου προσφέρει δώρα',0
"τι απ᾿ το βωμό μου τα χαρίσματα ποτέ τους δεν έλειπαν,",0
η κνίσα κι οι σπονδές᾿ τι οι αθάνατοι δε λάχαμε άλλη χάρη,0
"Μ᾿ αλήθεια, την κλεψιά ας αφήσουμε, τι βολετό δεν είναι",0
κρυφά απ᾿ τον Αχιλλέα ν᾿ αρπάξουμε τον Έχτορα το γαύρο',0
τι παραστέκει η μάνα του άγρυπνη μέρα και νύχτα πάντα.,-1
"Μόνο θεός κανείς να φώναζε τη Θέτη εδώ να μου 'ρθει,",0
"για να της πω ένα λόγο φρόνιμο, κι έτσι ο Αχιλλέας να πάρει",-1
"δώρα απ᾿ τον Πρίαμο, και τον Έχτορα να τον γυρίσει πίσω.»",0
"Αυτά είπε, κι η ανεμόποδη Ίριδα χιμάει μαντατοφόρα,",0
κι ευτύς στη Σαμοθράκη ανάμεσα και στην απόγκρεμη Ίμπρο,0
"πηδάει στο πέλαο, κι αντιλάλησε το μαύρο κύμα γύρα'",0
"και στο βυθό μεμιάς εβούτηξε, σαν αγκιστριού βαρίδι,",0
που περασμένο από το κέρατο βοδιού καλοθρεμμένου,0
"κάτω βουτάει, να φέρει θάνατο στα λιμασμένα ψάρια.",0
"Μες στο βαθύ το σπήλιο αντάμωσε τη Θέτη, και τρογύρα",0
οι άλλες θεές του πέλαου κάθουνταν κι εκείνη αναμεσό τους,0
"θρηνούσε για το γιο τον άψεγο, που η Μοίρα να πεθάνει",0
"στην Τροία τη χωματούσα του 'γραφε, μακριά από την πατρίδα.",0
Κι η Ίριδα εστάθη η γοργοπόδαρη κοντά της και της είπε:,0
"« Για σήκω, Θέτη, ο Δίας σε φώναξε, που 'ναι οι βουλές του αιώνιες.»",0
Και τότε η Θέτη η χιοναστράγαλη γυρνάει κι απηλογιέται:,0
«Σαν τι με θέλει ο τρανοδύναμος θεός; Εγώ δειλιάζω,0
με άλλους να σμίγω τώρα αθάνατους· ανείπωτη έχω πίκρα.,0
"Ωστόσο λέω να πάω, κι ο λόγος του θα γένει, όποιος και να 'ναι.»",0
"Ως είπε αυτά η θεά η πανέμνοστη, παίρνει φοράει μια σκέπη",-1
μαύρη᾿ σκουτί πιο σκοτεινόχρωμο στον κόσμο δεν εστάθη.,0
"Και παίρνει δρόμο, κι η ανεμόποδη, γοργή τραβούσεν Ίρη",-1
"μπροστά, κι ολόγυρα τους άνοιγε της θάλασσας το κύμα.",0
"Κι ως στο γιαλό ανέβηκαν, τράβηξαν ψηλά κατά τα ουράνια,",1
"κι εκεί αντάμωσαν το βροντόλαλο του Κρόνου υγιό, και γύρα",0
"τους αναιώνιους, τρισμακάριστους θεούς συγκαθισμένους.",0
"Κι εκείνη, ως η Αθηνά τραβήχτηκε, στο πλάι του",-1
"Δία καθίζει,",0
"κι η Ήρα χρυσό, πανώριο απίθωσε στο χέρι της ποτήρι",1
"με λόγια πρόσχαρα, κι η Θέτιδα το δίνει πίσω, ως ήπιε.",0
Και τότε ο κύρης των αθάνατων και των θνητών της κάνει:,0
"« Ήρθες λοιπόν, θεά, στον Όλυμπο, κι ας σε συμπνίγει ο πόνος,",0
"βαθιά κι ας νιώθεις πίκρα αβάσταχτη"" καλά κι εγώ το ξέρω.",0
Μα κι έτσι θα σου πω τι μ᾿ έκανε να σε φωνάξω να 'ρθεις:,0
Εννιά παν μέρες τώρα που 'στησαν για το κορμί του Εχτόρου,0
"και για το γιο σου αμάχη οι αθάνατοι τον καστροπολεμίτη,",0
και τον Αργοφονιά τον άγρυπνο να του τον κλέψει σπρώχνουν.,0
"Μα εγώ τη δόξα τούτη εκράτησα να μείνει του Αχιλλέα,",0
τι την αγάπη και το σέβας σου για πάντα θέλω να 'χω.,0
"Δράμε λοιπόν στο ασκέρι γρήγορα και μήνυσε του γιου σου,",0
"πες του, οι θεοί μαζί του εθύμωσαν, κι εγώ βαριά χολιάζω",0
"περίσσια απ᾿ όλους τους αθάνατους, τι απά στη μάνητα του",0
κρατάει τον Έχτορα μπρος στ᾿ άρμενα και δεν τον δίνει πίσω.,-1
"Μπορεί να με ντραπεί, τον Έχτορα να πει να λευτερώσει.",0
"Κι εγώ στον Πρίαμο τον αντρόκαρδο την Ίριδα θα στείλω,",0
των Αχαιών να δράμει τ᾿ άρμενα και του Αχιλλέα με δώρα,0
Τι ρίσσια την ψυχή μερώνοντας το γιο του να λυτρώσει.»,0
"Είπε, κι η Θέτη η χιοναστράγαλη γρικάει την προσταγή",0
"του,",0
"και τις κορφές του Ολύμπου αφήνοντας να κατεβαίνει επήρε,",0
"και στο καλύβι φτάνει γρήγορα του γιου της, και τον βρίσκει",-1
"βαριά που στέναζε, και γύρα του με βιάση οι συντρόφοι του",0
πηγαινορχόνταν ετοιμάζοντας πουρνό πουρνό να φάνε',0
"και στο καλύβι είχαν παχιόμαλλο, τρανό κριάρι σφάξει.",0
"Κι η σεβαστή του η μάνα εκάθισε κοντά του, στο πλευρό του,",0
το χέρι απλώνει και τον χάιδεψε κι αυτά του λέει τα λόγια:,1
"«Ως πότε, γιε μου, θα πικραίνεσαι και θα χτυπιέσαι; ως πότε",0
τα σωθικά σου θα σπαράζουνται; κι ουδέ ψωμιού θυμάσαι,-1
"κι ουδέ φίλιου; Γλυκό το αγκάλιασμα, να σμίξεις με γυναίκα᾿",-1
γιατί καιρός πολύς δε σου 'μεινε πια να μου ζήσεις᾿ κιόλα,0
δίπλα σου η Μοίρα η τρανοδύναμη κι ο Χάρος παραστέκουν.,-1
"Μον᾿ άκουσέ με τώρα, μήνυμα σου φέρνω από το Δία'",0
"μαζί σου λέει οι θεοί πως θύμωσαν, κι αυτός βαριά χολιάζει",0
"περίσσια απ᾿ όλους τους αθάνατους, τι πα στη μάνητα σου",0
κρατάς τον Έχτορα μπρος στ᾿ άρμενα και δεν τον δίνεις πίσω.,-1
"Δωσ᾿ τον λοιπόν, και το ξαγόρασμα προσδέξου του κορμιού του.»",0
Τότε ο Αχιλλέας ο γοργοπόδαρος γυρνάει κι απηλογιέται:,0
"« Καλά! Την ξαγορά ας μου φέρουνε και το νεκρό ας τον πάρουν,",-1
"μια κι έτσι ορίζει ο ρήγας του Ολύμπου, που το καλό μου θέλει.»",0
"Αυτά κουβέντιαζαν μπρος στ᾿ άρμενα τα συναγμένα οι δυο τους,",-1
"γιος και μητέρα, κι ανεμάρπαστα περίσσια λόγια άλλαζαν.",0
Την Ίρη ωστόσο ο Δίας επρόσταξε να πάει στην Τροία την άγια:,1
"«Ίριδα, Ομπρός, μη στέκεις, του Ολύμπου παράτα το παλάτι,",1
"και στον τρανό τον Πρίαμο μήνυσε μέσα στης Τροίας το κάστρο,",1
στων Αχαιών να δράμει τ᾿ άρμενα και του Αχιλλέα με δώρα,0
περίσσια την ψυχή μερώνοντας το γιο του να λυτρώσει—,0
"αυτός μονάχος, δίχως σύντροφο κανένα Τρώα, και μόνο",-1
"έναν διαλάλη ας πάρει γέροντα, να κυβερνάει τις μούλες",-1
"και το καρότσι το καλότροχο, και το νεκρό να φέρει",0
που σκότωσε ο Αχιλλέας ο αντρόψυχος στο κάστρο πίσω πάλε.,-1
"Μηδέ να βάλει ο νους του θάνατο, να μη σκιαχτεί καθόλου'",-1
"τι, πες του, τον Ερμή θα στείλουμε για να 'χει συνεβγάλτη,",0
"που θα τον πάει, το δρόμο δείχνοντας, ως του Αχιλλέα την πόρτα.",0
"Και σύντας στου Αχιλλέα του αντρόκαρδου τον μπάσει το καλύβι,",0
"μήτε κι ατός του με τα χέρια του θα τον σκοτώσει, μήτε",0
"κι άλλον θ᾿ αφήσεί᾿ τι ούτε αστόχαστος ούτε άμυαλος λογιέται,",0
άνομος ούτε᾿ τον ικέτη του θα σεβαστεί περίσσια.»,0
"Αυτά είπε, κι η ανεμόποδη Ίριδα χιμάει μαντατοφόρα,",0
"κι ως έφτασε στου Πρίαμου, γρίκησε φωνές και",0
μοιρολόγια·,0
"οι γιοι κάθονταν στον αυλόγυρο, στον κύρη τους τρογύρα,",0
"με τα σκουτιά απ᾿ τα δάκρυα μούσκεμα, κι ο γέροντας στη μέση",0
"κουκουλωμένος μες στην κάπα του σφιχτά, κι απάνωθέ του",0
"λάσπη πολλή χυμένην έβλεπες στην κεφαλή, στο σβέρκο,",0
"που ατός του ο γέροντας εσώριασε, μες στην αυλή ως κυλιούνταν.",-1
"Στις κάμαρες τρογύρα οι κόρες του κι οι νύφες του εθρηνούσαν,",0
"όλους εκείνους μνημονεύοντας, περίσσιοι κι αντρειωμένοι",0
που πέσαν από χέρια Αργίτικα και τη ζωή τους χάσαν.,0
Κι εκείνη με του Δία το μήνυμα στον Πρίαμο δίπλα εστάθη,-1
"μιλώντας του σιγά, και σύγκορμος να τρέμει αυτός",1
αρχίζει:,0
"« Μη σκιάζεσαι, σπορά του Δάρδανου! Κουράγιο, Πρίαμε, κάμε᾿",0
"Κακό κανένα δε στοχάζομαι για σένα εδώ που φτάνω,",-1
"μον᾿ θέλω το καλό σου· μήνυμα τώρα απ᾿ το Δία σου φέρνω,",0
"που ας είναι αλάργα, όμως σε γνοιάζεται και σε ψυχοπονιέται.",-1
"Ο ρήγας του Ολύμπου τον Έχτορα μηνά σου να λυτρώσεις,",0
με δώρα του Αχιλλέα μερώνοντας τα μανιασμένα σπλάχνα—,0
"εσύ μονάχος, δίχως σύντροφο κανένα Τρώα, και μόνο",-1
"έναν διαλάλη πάρε γέροντα, να κυβερνάει τις μούλες",0
"και το καρότσι το καλότροχο, και το νεκρό να φέρει",0
που σκότωσε ο Αχιλλέας ο αντρόψυχος στο κάστρο πίσω πάλε.,-1
"Μηδέ να βάλει ο νους σου θάνατο, να μη σκιαχτείς καθόλου'",-1
"τι, ως μου 'πε, τον Ερμή θα στείλουμε για να 'χεις συνεβγάλτη,",0
"που θα σε πάει, το δρόμο δείχνοντας, ως στου Αχιλλέα την πόρτα.",0
"Και σύντας στου Αχιλλέα του αντρόκαρδου σε μπάσει το καλύβι,",0
"μήτε κι ατός του με τα χέρια του θα σε σκοτώσει, μήτε",0
"κι άλλον θ᾿ αφήσει᾿ τι ούτε αστόχαστος ούτε άμυαλος λογιέται,",0
άνομος ούτε᾿ τον ικέτη του θα σεβαστεί περίσσια.»,0
"Σαν είπε αυτά η γοργόποδη Ίριδα, μισεύει πίσω πάλι,",0
κι αυτός στους γιους του το καλότροχο καρότσι με τις μούλες,0
"να του ετοιμάσουν λέει, κι απάνω του να δέσουν",0
το κασόνι᾿,0
"κι εκείνος στο κελάρι ετράβηξε το μοσχομυρισμένο,",0
"το κέδρινο, το αψηλοτάβανο, με τα περίσσια πλούτη,",0
"και στην Εκάβη, τη γυναίκα του, μιλάει φωνάζοντας τη:",0
"«Μαντατοφόρος απ᾿ τον Όλυμπο μου 'ρθε απ᾿ το Δία, καλή μου,",0
"στων Αχαιών να δράμω τ᾿ άρμενα, και του Αχιλλέα με δώρα",0
περίσσια την ψυχή μερώνοντας το γιο μας να λυτρώσω.,0
"Μον᾿ έλα τώρα, πες τη γνώμη σου, σαν πώς το βλέπει ο νους σου;",0
τι εμέ τον ίδιο αλήθεια ακράτητα καρδιά καί νους με σπρώχνουν,0
"εκεί να δράμω στα λημέρια τους, στ᾿ Αργίτικα καράβια.»",0
"Αυτά είπε, όμως εκείνη ξέσπασε σε θρήνο κι αποκρίθη:",0
"«Ωχού μου, η γνώση σου τι να 'γινε, γι᾿ αυτή που πριν περίσσια",0
κι όσοι από σένα εδώ αφεντεύουνται κι οι ξένοι σε δόξαζαν;,0
"Πώς το μπορείς να πας μονάχος σου στ᾿ Αργίτικα καράβια,",-1
"τον άντρα ν᾿ αντικρίσεις, που άμετρους και ψυχωμένους γιους σου",0
Σου χάλασε; Καρδιά από σίδερο στα στήθια αλήθεια κλείνεις!,-1
τι αν πέσεις τώρα εσύ στα χέρια του και σε αντικρίσει ομπρός του,0
"ο άπιστος τούτος και σκληρόψυχος, μηδέ σπλαχνιά θα νιώσει",-1
μηδέ ντροπή για σε. Καλύτερα καθούμενοι στο σπίτι,-1
μακριάθε να τον κλαίμε. Του 'κλωσε τέτοια η σκληρή του η Μοίρα,0
"από τη μέρα που τον γέννησα, σαν πρόβαλε στον κόσμο,",0
"να τόνε φαν σκυλιά γοργόποδα, μακριά από τους γονιούς του,",0
"όξω απ᾿ την πόρτα αντρός ανέσπλαχνου—το σκώτι του που να 'χα,",0
"με δαγκωνιές βαθιές να το 'τρωγα, να πάρω το αίμα πίσω",0
"του γιου μου καν! τι δεν εδείλιασε την ώρα του χαμού του,",0
μον᾿ στάθη ομπρός του διαφεντεύοντας τους Τρώες και τις Τρωάδες,0
"τις λυγερές, και μήτε που 'βαλε φευγιό και φόβο ο νους του.»",0
Κι ο θεοπρόσωπος ο γέροντας απηλογήθη τότε:,0
"« Μη με αμποδάς να φύγω, ως θέλω το, και μη μου γίνεσαι όρνιο",0
μέσα στο σπίτι κακοσήμαδο᾿ τη γνώμη δε μου αλλάζεις',-1
"τι αν άλλος μου 'φερνε το μήνυμα, θνητός κανείς, απ᾿ όσους",0
"με τα θυμιάματα μαντεύουνται για με τα ζώα που σφάζουν,",0
πως είναι ψέματα θα το 'λεγα και θα τραβούσα χέρι.,1
Μα τώρα ήταν θεός που αγρίκησα κι αντίκρισα μπροστά μου.,0
"θα πάω λοιπόν, του ανέμου ο λόγος μου δε θα χαθεί. Κι αν ίσως",0
"στων Δαναών τα πλοία μου μέλλεται να σκοτωθώ, μακάρι!",0
"Στην αγκαλιά μονάχα να 'παιρνα το γιο μου, κι ο Αχιλλέας",0
"την ίδια τη στιγμή ας με σκότωνε, σαν πια χορτάσω θρήνο!»",0
"Είπε, κι απ᾿ τις κασέλες σήκωσε τα ωριόπλουμα καπάκια,",0
"και βγάζει πρώτα εκείθε δώδεκα πεντάμορφα κιλίμια,",-1
"κάπες μονές διαλέγει δώδεκα, σκεπάσματα άλλα",0
"τόσα,",0
"και δώδεκα φλοκάτες όμορφες, χιτώνες άλλους τόσους·",-1
"μετά χρυσάφι δέκα τάλαντα ζυγιάζει, και χωρίζει",0
και δυο τριπόδια που στραφτάλιζαν και τέσσερα λεβέτια',0
"στερνά μιαν ώρια κούπα εδιάλεξε, που του 'χαν οι Θρακιώτες",0
χαρίσει—βιος τρανό—στη χώρα τους σαν πήγε αποκρισάρης',-1
"μηδέ κι αυτή ελυπήθη ο γέροντας στο αρχοντικό του μέσα,",-1
το γιο του να λυτρώσει θέλοντας. Κι απ᾿ την αυλή του διώχνει,0
όλους μετά τους Τρώες και με άσκημα τους αποπαίρνει λόγια:,0
"«Όξω, κορμιά χαμένα, αδιάντροποι! Δεν έχετε να κλαίτε",0
"και σεις στα σπίτια σας, μον᾿ μου 'ρθατε για να με φαρμακώστε;",0
"Λέτε δε φτάνουνε τα βάσανα που μου 'χει ο Δίας σταλμένα,",0
το γιο να χάσω τον καλύτερο; Μα ωστόσο θα το νιώστε,0
"και σεις· τι οι Αργίτες, τώρα που 'λειψεν εκείνος, δίχως άλλο",-1
"θα σας σκοτώνουν πιο ανεμπόδιστα. Μα εγώ, ας γινόταν, θέ μου,",0
πριν αντικρίσω μπρος στα μάτια μου το κάστρο να πατιέται,-1
"κι απ᾿ άκρη ως άκρη να κουρσεύεται, να βρίσκομαι στον Άδη!»",0
"Είπε, και με ραβδί διασκόρπιζε τον κόσμο· εκείνοι έφυγαν",0
μπροστά στο γέροντα που εβιάζουνταν κι αυτός τους γιους του τότε,0
"φωνάζει αράθυμος, τον Έλενο, το βροντερό Πολίτη,",0
"τον Πάμμονα και τον Αντίφονο, το Δήφοβο, τον",0
"Πάρη,",0
"και τον Ιππόθοο, τον Αγάθωνα, το Δίο τον αντρειωμένο'",0
και τους εννιά του γιους ο γέροντας μαλώνοντας προστάζει:,0
"« Παιδιά χαμένα κι αφιλότιμα, βοηθάτε τώρα! Αχ να 'ταν",0
μπρος στα καράβια αντίς τον Έχτορα να 'χαν εσάς σκοτώσει!,0
Ωχού μου εμένα του βαριόμοιρου! Τους πιο αντρειωμένους είχα,0
"γεννήσει γιους στους Τρώες ανάμεσα, και δε μου απόμεινε ένας!",-1
"Σκοτώθηκε κι ο ισόθεος Μήστορας κι ο αντρόκαρδος Τρωίλος,",0
"κι ο μέγας Έχτορας, που φάνταζε θεός στους άντρες μέσα,",1
"κι έμοιαζε ενός θεού το γέννημα, κι όχι θνητού πως ήταν.",-1
"Τούτοι χαλάστηκαν στον πόλεμο, κι έμειναν οι χαμένοι,",-1
"χορευταράδες, ψεύτες όλοι τους, στους χοροπήδους πρώτοι,",0
άξιοι μονάχα τ᾿ αρνοκάτσικα των άλλων Τρωών ν᾿ αρπάζουν.,0
"Τι στέκεστε έτσι και δεν πιάνετε το κάρο να ετοιμάστε,",0
"κι απάνω τούτα να φορτώσετε, να μπούμε πια στο δρόμο;»",0
"Έτσι μιλάει, κι αυτοί τον κύρη τους που εφώναζε σκιάχτηκαν,",1
"κι όξω τράβηξαν το καλότροχο, πεντάμορφο, καινούργιο",0
"καρότσι για τις μούλες, κι έδεσαν απάνω το κασόνι'",0
"τον πυξαρένιο ευτύς κατέβασαν αφαλωτό ζυγό τους,",0
"που στο καρφί ψηλά ανακρέμουνταν, με τα καλά κρικέλια'",0
"βγάζουν μαζί και τα ζύγόλουρα, πήχες εννιά το",0
μάκρος·,0
"και το ζυγό στο καλοκάμωτο τιμόνι έβαλαν πάνω,",0
"στην άκραν άκρα ομπρός, και πέρασαν τον κρίκο απά στη σφήνα,",0
και δέσαν τα λουριά δεξόζερβα πα στο κλειδί τρεις γύρους·,0
"κι αφού ως την άκρα τα σφιχτόδεσαν, τα σφίξαν στο γλωσσίδι.",0
"Μετά το βιος έβγαλαν το άμετρο, την ξαγορά του Εχτόρου,",0
"απ᾿ το κελάρι, και το στοίβαξαν στο τορνευτό καρότσι,",0
"και τις γερές, τις ατσαλόνυχες με βιάση έζευαν μούλες,",0
"δώρο ακριβό, οι Μυσοί που κάποτε στον Πρίαμο το χάρισαν.",-1
"Και δέσαν στο ζυγό και τ᾿ άλογα, που ο γέροντας ατός του",-1
"στο τορνευτό παχνί τα τάγιζε, βιος ακριβό δικό του.",0
Έτσι γνοιάζονταν για το ζέψιμο μες στο αψηλό παλάτι,0
"ο γέρο Πρίαμος κι ο διαλάλης του, κι οι δυο τους μυαλωμένοι.",0
"Κι η Εκάβη τότε εκεί τους ζύγωσε με μαραμένα σπλάχνα,",0
"κρατώντας στο δεξί το χέρι της μαλαματένια κούπα,",0
"σπονδές να κάνουν με γλυκόπιοτο κρασί, πριχού κινήσουν.",1
Στάθη λοιπόν ομπρός στ᾿ αλόγατα κι αυτά μιλάει και κρένει:,1
"« Στο Δία πατέρα πάρε πρόσφερε σπονδή, κι ευκήσου να 'ρθεις",0
"γερός απ᾿ τους οχτρούς στο σπίτι σου, μια κι η καρδιά σου τόσο",-1
"στων Δαναών σε σπρώχνει τ᾿ άρμενα, χωρίς εγώ να θέλω.",-1
"Ευκήσου καν στο μαυροσύγνεφο το Δία, που απά στην Ίδα",0
"θρονιάζει κι αγναντεύει αλάκερη την ξακουσμένη Τροία,",0
"και για σημάδι ζήτα γρήγορο μαντάτορά του, τ᾿ όρνιο",0
"το πιο ακριβό του, με τη δύναμη την πιο τρανή, να σου 'ρθει",0
"δεξιά μεριά, που ως πια τα μάτια σου το ιδούν, για τα καράβια",0
των Δαναών να φύγεις ξέθαρρος των γοργαλογατάδων.,0
Ο Δίας αν όμως ο βροντόλαλος δικό του αποκρισάρη,0
"δεν πει να στείλει, εγώ θα σου 'λεγα ν᾿ αλλάξεις γνώμη τώρα",0
"και να μην πας στα πλοία τ᾿ Αργίτικα, κι ας λαχταρά η καρδιά σου.»",-1
Και τότε ο Πρίαμος ο θεόμορφος γυρνάει κι απηλογιέται:,0
"« Θα την ακούσω την αρμήνια σου, καλή μου, τι ταιριάζει",0
"στο Δία ν᾿ ασκώνουμε τα χέρια μας, μπας και μας συμπονέσει.»",0
"Ως είπε τούτα, την κελάρισσα νερό γοργά προστάζει",1
στα χέρια να του χύσει γάργαρο᾿ κι εκείνη τρέχει δίπλα,0
"στο γέροντα, σταμνί στα χέρια της κρατώντας και λεγένι.",0
"Κι όπως ενίφτη, απ᾿ τη γυναίκα του την κούπα παίρνει, κι όρθιος",-1
"στη μέση της αυλής προσεύκουνταν, και στάλαζε στο χώμα,",0
"στον ουρανό τα μάτια ασκώνοντας, κι έτσι μιλάει και κράζει:",0
"« Πατέρα Δία, τρανέ κι ασύγκριτε, που κυβερνάς την Ίδα,",0
"σαν έρθω στου Αχιλλέα, συμπόνεση κι αγάπη να 'βρω δωσ᾿ μου'",0
"και για σημάδι στείλε γρήγορο μαντάτορά σου, τ᾿ όρνιο.",0
"το πιο ακριβό σου, με τη δύναμη την πιο τρανή, να μου 'ρθει",0
"δεξιά μεριά, που ως πια τα ματιά μου το ιδούν, για τα καράβια",0
των Δαναών να φύγω ξέθαρρος των γοργαλογατάδων.»,0
"Είπε, κι ο Δίας ο βαθυστόχαστος τον άκουσε που ευκήθη,",1
"κι αϊτό του στέλνει, απ᾿ τα πετούμενα το πιο που φανερώνει",0
"το θέλημα του, μαύρο κι άρπαγο—το λένε και μαυρόρνιο—",0
"κι όσο φαρδιά είναι τα πορτόφυλλα, τα στεριά, τα δεμένα,",0
"σε σπίτι μέσα αψηλοτάβανο βαρβάτου νοικοκύρη,",0
τόσο απλώνονταν κι οι φτερούγες του᾿ κι από το κάστρο απάνω,-1
"δεξιά μεριά χιμώντας φάνηκε᾿ κι εκείνοι, σαν τον είδαν,",0
"πήραν χαρά τρανή, κι εγλύκαναν μέσα ολονώ τα σπλάχνα.",-1
"Με βιάση ανέβη τότε ο γέροντας στο αμάξι του, και βγήκε",0
περνώντας μέσα απ᾿ την αυλόπορτα και το βουερό χαγιάτι',0
"ομπρός τραβούσε ο πολυκάτεχος Ιδαίος, και τα μουλάρια",0
"που σέρναν το καρότσι εκέντριζε᾿ και τ᾿ άλογα ξοπίσω,",0
"κυβερνημένα από το γέροντα, που εκράτα το μαστίγι,",0
γοργά μεσ᾿ απ᾿ το κάστρο εδρόμιζαν. Κι όλοι οι εδικοί με θρήνους,1
"τον ακλουθούσαν, λες και πήγαινε το Χάρο ν᾿ ανταμώσει.",0
"Μ᾿ από την πόλη ως κατηφόρισαν και πιάσαν πια τον κάμπο,",0
"οι άλλοι, γαμπροί και γιοί, πισώστρεψαν και διάγυραν στο κάστρο.",0
"Ωστόσο εκείνοι οι δυο σαν πρόβαλαν στον κάμπο, ο μακροβίγλης",0
"ο Δίας τους είδε και συμπόνεσε το γέροντα θωρώντας,",0
"και στον Ερμή γυρνώντας μίλησε, τον ακριβό το γιο του:",0
"« Ερμή, πολυαγαπάς και χαίρεσαι θνητούς να συντροφεύεις,",0
"κι όποιον σού αρέσει ακούς, στη γνώμη του μετά χαράς συγκλίνεις.",-1
Στα βαθουλά τα πλοία τ᾿ Αργίτικα τον Πρίαμο τρέχα τώρα,-1
"συνέβγαλέ τον, έτσι που άλλος τους να μην τον νιώσει Αργίτης,",-1
"και μήτε να τον δει στη στράτα του, πριν φτάσει στου Αχιλλέα.»",0
"Είπε, κι ο Αργοφονιάς τον άκουσεν ευτύς ο ψυχολάτης,",0
"και δίχως άργητα στα πόδια του χρυσά περνάει σαντάλια,",-1
"πανώρια, αθάνατα, που ανάλαφρα, σαν την πνοή του ανέμου,",0
"τον φέρναν πάνω απ᾿ τις απέραντες στεριές και τα πελάγη,",0
"και πήρε το ραβδί στο χέρι του, που των θνητών τα μάτια",0
"γητεύει σε όσους θέλει κλειώντας τα, κι άλλους ξυπνά απ᾿ τον ύπνο'",0
"με αυτό και τότε ο τρανοδύναμος Αργοφονιάς πετούσε,",0
κι ομπρός στην Τροία και στον Ελλήσποντο σε λίγην ώρα φτάνει.,0
"Και κίνησε με αρχόντου μοιάζοντας υγιό, τα μαγουλά του",0
"μόλις που χνούδισαν, κι η νιότη του στην πιο γλυκιά της ώρα.",0
"Εκείνοι ωστόσο απ᾿ του Ίλου ως πέρασαν το μέγα μνήμα δίπλα,",0
τ᾿ αλόγατά τους και τις μούλες τους σταμάτησαν να πιούνε -,1
"στον ποταμό, τι πια περίσσευε στους κάμπους το σκοτάδι.",0
Και ξαφνικά θωρεί που εσίμωνε και ξεχωρίζει ο κράχτης,0
"τον νέον Ερμή, κι ευτύς γυρίζοντας στον Πρίαμο συντυχαίνει:",-1
"« Έχε το νου, σπορά του Δάρδανου, φρόνεση τώρα θέλει'",0
"κάποιον θωρώ, και λέω πως γρήγορα κομμάτια θα μας κάνει.",-1
"Μον᾿ έλα βιάσου, κι ας του δίνουμε πα στ᾿ άτια, για τα γόνα",0
"παρακαλώντας ας του πιάσουμε, μπας και μας συμπονέσει.»",0
"Είπε, κι ο νους του γέρου εσάστισε, τον έπιασε τρομάρα,",0
"κι ορθές οι τρίχες του σηκώθηκαν πα στο σκεβρό κορμί του,",0
και στάθη σα χαμένος. Ζύγωσεν ο Πρωτοκλέφτης,0
"τότε,",0
"στο γέροντα έδωσε το χέρι του, τον ρώτησε και του 'πε:",0
"« Για που, πατέρα, με τις μούλες σου τραβάς και τ᾿ άλογα σου",0
"μέσα στη νύχτα την αθάνατη, που όλοι οι θνητοί κοιμούνται;",0
"κι ουδέ καθόλου τους ανήμερους φοβήθηκες Αργίτες,",-1
που οχτροί σου φοβεροί κι αντίμαχοι γυρνούν στα μέρη ετούτα;,0
Αν απ᾿ αυτούς κανένας σ᾿ έβλεπε με τόσο βιος που σέρνεις,0
"μες στη γοργή νυχτιά την άφωτη, πώς θα σου ερχόταν τότε;",0
"Πια νιος δεν είσαι συ, και γέροντας ο σύντροφός σου ετούτος,",0
"και δε γλιτώνετε, μανιάζοντας αν σας ριχτεί κανένας.",0
"Όμως κακό από εμέ μη σκιάζεσαι, μον᾿ θα σε διαφεντέψω,",0
κι αν άλλος σου ριχτεί᾿ τον κύρη μου πολύ μου τον θυμίζεις.»,0
Κι ο θεοπρόσωπος ο γέροντας του απηλογήθη τότε:,0
"« Έτσι είναι αλήθεια αυτά, καλόπαιδο, καθώς τ᾿ αναθιβάνεις'",0
"μα ένας θεός το χέρι του άπλωσε και τώρα πάνωθέ μου,",0
"που τέτοιο συνεβγάλτη μου 'πεψε να βγει μπροστά μου τώρα,",0
"στην ώρα πάνω, μ᾿ έτοιο ανάριμμα, μ᾿ έτοιο αρχοντίσιο διώμα'",-1
κι ακόμα γνωστικά τα λόγια σου᾿ καλότυχοι οι γονιοί σου!»,0
Κι ο Αργοφονιάς του απηλογήθηκεν ο ψυχολάτης τότε:,0
"« Τα που 'πες, δίχως άλλο, γέροντα, σωστά και δίκια ειν᾿ όλα,",-1
"μον᾿ έλα τώρα, δωσ᾿ μου απόκριση και πες την πάσα αλήθεια:",0
"Το διαλεχτό σου βιος, το αρίφνητο, στα ξένα φευγατίζεις,",0
"σε ανθρώπους μακρινούς, στον πόλεμο να μην τα χάσεις όλα;",-1
"για παρατάτε κιόλας σύψυχοι της άγιας Τροίας το κάστρο,",0
"πάνω στο φόβο σας, που εχάσατε τον πιο αντρειωμένο τώρα,",0
"το γιο σου, που στη μάχη ουτ᾿ ένας μας δεν τον περνούσε Αργίτης;»",0
Κι ο θεοπρόσωπος ο γέροντας του απηλογήθη τότε:,0
"« Ποιος να 'σαι τάχα εσύ, αρχοντόπουλο, και ποιοί οι γονιοί σου εσένα,",0
που έτσι καλά του γιου μου του άμοιρου τη μοίρα αναστορίζεις;»,-1
Κι ο Αργοφονιάς του απηλογήθηκεν ο ψυχολάτης τότε:,0
"«Σε δοκιμή με βάζεις, γέροντα, ρωτώντας για το",0
"γιο σου,",0
το θείο τον Έχτορα᾿ τα μάτια μου στη δοξαντρούσα μάχη,0
"συχνά τον είδαν, κι όταν στρίμωχνε χαλνώντας τους Αργίτες",0
στα πλοία σιμά και τους μακέλευε με μυτερό κοντάρι·,0
και μεις σαστίζαμε και στέκαμε᾿ τι να 'βγούμε στη μάχη,0
"δεν άφηνε ο Αχιλλέας, χολιάζοντας με τον υγιό του Ατρέα'",-1
"τι ένα καράβι εδώ μας έφερε, κι είμαι δικός του ακράνης,",0
των Μυρμιδόνων φύτρα ο κύρης μου—Πολύχτορα τον λένε—,0
"έχει περίσσιο βιος, μα εγέρασε πια τώρα σαν κι εσένα·",0
"κι εγέννησε έξι γιους κι ολόστερνον εμένα, και τον κλήρο",0
"σα ρίξαμε όλοι, εγώ είμαι που 'λαχε να 'ρθώ με τα φουσάτα.",0
"Και τώρα απ᾿ τα καράβια εκίνησα στον κάμπο, τι άμα φέξει",0
οι Δαναοί θ᾿ ανοίξουν πόλεμο στο κάστρο σας τρογύρα',-1
"τι πια βαρέθηκαν να κάθουνται, κι ως λαχταρούν άπάλε,",0
πια δεν μπορούν οι βασιλιάδες μας να τους ανακρατήσουν.»,0
Κι ο θεοπρόσωπος ο γέροντας του απηλογήθη τότε:,0
"«Αν του Αχιλλέα του αρχοντογέννητου λογιέσαι, ως λες, ακράνης,",0
τη χάρη κάνε μου κι ιστόρα μου σωστά την πάσα αλήθεια:,0
"Ο γιος μου ακόμα τάχα κοίτεται μπρος στα καράβια, η κιόλα",0
"τον πέταξε ο Αχιλλέας στους σκύλους του, κοψίδια κάνοντας τον;»",-1
Κι ο Αργοφονιάς του απηλογήθηκεν ο ψυχολάτης,0
τότε:,0
"« Δεν τον έφαγαν, όχι, γέροντα, τα όρνια κι οι σκύλοι ακόμα'",0
"πλάι στου Αχιλλέα την πρύμνα ανέβλαβος κοίτεται ο γιος σου πάντα,",0
"μες στο καλύβι. Μέρες δώδεκα που κοίτεται πέρασαν,",-1
"και το κορμί του δεν εσάπισε, κι-ουδέ και τα σκουλήκια",0
"τον έχουν φάει, που όσους σκοτώνουνται στον πόλεμο τους τρώνε.",-1
Απ᾿ του ακριβού του ακράνη ολόγυρα το μνήμα δίχως σπλάχνος,-1
"τον σούρνει αλήθεια κάθε χάραμα, σύντας η αυγή προβάλει'",0
κακό κανένα όμως δεν του 'κανε᾿ πηγαίνοντας κι ατός σου,-1
"θα το θαμάξεις, που 'ναι ολόδροσος, και γύρα του έχουν φύγει",0
"τα γαίματα, και μένει αμάλαγος, και κλείσαν κι οι πληγές του,",0
που τόσες στο κορμί του ρίχνοντας με το χαλκό του άνοιξαν.,0
"Έτσι γνοιάζονται οι τρισμακάριστοι θεοί για τον υγιό σου,",0
ας είναι και νεκρός· κατάκαρδα μαθές τον αγάπησαν.»,0
"Είπε, κι ο γέρος αναγάλλιασε κι απηλογιά του δίνει:",0
"« Παιδί μου, δώρα στους αθάνατους καλό 'ναι να χαρίζεις",-1
"παράξια· τους θεούς δεν ξέχασε, στον Όλυμπο που ζούνε,",0
κι ο γιος μου—γιο ποτέ αν αξιώθηκα!—στο αρχοντικό του μέσα.,0
"Και τώρα αυτοί του το θυμήθηκαν, κι ας είναι πεθαμένος.",0
"Μον᾿ έλα, τούτη την πανέμορφη δέξου από μένα κούπα,",0
"και γίνε μου σκεπός κι οδήγα με με των θεών τη χάρη, -",0
ως στου Αχιλλέα να φτάσω απείραχτος και να 'μπω το καλύβι.»,0
Κι ο Αργοφονιάς του απηλογήθηκεν ο ψυχολάτης τότε:,0
"« Σε πειρασμό με βάζεις, γέροντα, τον νιον εμένα᾿ ωστόσο",0
του κάκου πολεμάς καί σπρώχνεις με τα δώρα σου να πάρω,0
"κρυφά απ᾿ τον Αχιλλέα· τον ντρέπουμαι περίσσια, και φοβούμαι",0
"να πάρω από δικά του, γρήγορα μην έβγει σε κακό μου.",-1
Ωστόσο εγώ θα σε συντρόφευα κι ως το ακουσμένο το Άργος,0
"με την καρδιά μου, σε πλεούμενο για και πεζός μαζί σου,",0
"και θα 'βλεπε τι αξίζω, αν του 'ρχονταν να σου ριχτεί κανένας.»",0
"Αυτά είπε ο Ερμής, κι αμέσως πήδηξε πα στο ζεμένο",0
"αμάξι,",0
"και δίχως άργητα τα νιόλουρα και το μαστίγι αρπάζει,",-1
και τα μουλάρια και τ᾿ αλόγατα πέρφανη ορμή γιομίζει.,0
"Μα σύντας πια στους πύργους έφτασαν των πλοίων και στο χαντάκι,",0
"στην ώρα πάνω που οι βαρδιάτορες το δείπνο τους συντάζαν,",0
σε όλων τα μάτια πάνω εστάλαξεν ο Ψυχολάτης ύπνο',0
"κι όπως ανοίγει τις καστρόπορτες, τα μάνταλα τραβώντας,",-1
"μπάζει τον Πρίαμο ευτύς, και πίσω του το αμάξι με τα δώρο",0
"Καί σύντας στου Αχιλλέα τ᾿ ορθόψηλο καλύβι ομπρός έφτασαν,",0
που οι Μυρμιδόνες για το ρήγα τους από κορμούς κομμένους,0
"ελάτου είχαν στελιώσει, κι έριξαν και στέγαση",0
"από πάνω,",0
"τριφύλλια φουντωτά σωριάζοντας, κομμένα από λιβάδι'",0
και γύρα έφτιασαν για το ρήγα τους με σταυρωτά παλούκια,0
μεγάλη αύλή᾿ κι εσφάλνα η πόρτα του μ᾿ έναν μονάχα σύρτη,0
"ελάτινο, που τρεις παιδεύουνταν Αργίτες να τον σπρώξουν,",0
και τρεις ξανά το μέγα μάνταλο ν᾿ ανοίξουνε της πόρτας·,0
μόνο ο Αχιλλέας και δίχως βόηθηση τον έσπρωχνε μονάχος·,-1
όμως ο Ερμής στο γέροντα άνοιξεν ο πρωτοκλέφτης τότε·,0
"κι ως του γοργού Αχιλλέα συνέμπασε τα πλούσια δώρα μέσα,",0
στο χώμα από το αμάξι επήδηξε κι αυτά του συντυχαίνει:,-1
"«Αθάνατος λογιέμαι, γέροντα, θεός, μαζί σου που 'ρθα,",0
ο Ερμής σταλμένο μ᾿ έχει ο κύρης μου να σου σταθώ στη στράτα.,0
Ωστόσο φεύγω έγώ᾿ δε θα 'θελα ν᾿ αντικριστώ στα μάτια,0
"με του Πηλέα το γιο, τι αθάνατος θεός πρεπό δεν είναι",0
έτσι να δείχνει πια ολοφάνερα σ᾿ έναν θνητόν αγάπη.,0
"Μα εσύ, σα μπεις, από τα γόνατα τον Αχιλλέα να πιάσεις,",0
και στον πατέρα και στη μάνα του την ομορφομαλλούσα,0
"να τον ξορκίσεις, και στο τέκνο του, να μαλακώσει η οργή του.»",0
"Αυτά είπε ο Ερμής, κι ευτύς στον Όλυμπο τον αψηλό μισεύει'",-1
"κι ο Πρίαμος τότε από το αμάξι του πηδάει στο χώμα κάτω,",0
"κι έμεινε ο Ιδαίος εκεί προσμένοντας, κι είχε",0
το νου μη φύγουν,0
"τ᾿ άτια κι οι μούλες τους. Κι ο γέροντας γραμμή τραβάει στο σπίτι,",0
"κει που ο Αχιλλέας ο αρχοντογέννητος βρισκόταν, και τον βλέπει",0
μπροστά του. Οι συντρόφοι του απόμακρα καθόνταν δυο μονάχα,0
"τρογύρα τον γνοιάζονταν, ο Άλκιμος, ο γαύρος πολέμαρχος,",0
κι ο ψυχωμένος Αυτομέδοντας᾿ τι ότι είχε ξετελέψει.,1
"που 'τρωγε κι έπινε, και στέκουνταν πλάι το τραπέζι ακόμα.",-1
"Και μπαίνει ο μέγας Πρίαμος άνιωστος, τον Αχιλλέα ζυγώνει,",0
"τα δυο του πιάνει αμέσως γόνατα, και τ᾿ αντροφόνα χέρια,",0
"τα φοβερά, φιλεί, που του 'χανε πολλούς υγιούς σκοτώσει.",1
"Σε συφορά βαριά πώς έπεσε κανείς, ποτ τύχει κάποιον",0
"να 'χει σκοτώσει μες στον τόπο του, και σε άλλες χώρες φτάνει,",0
"σε πλούσιου αρχόντου σπίτι, κι όλοι τους σαστίζουν που τον βλέπουν",0
παρόμοια κι ο Αχιλλέας εσάστισε να ιδεί τον Πρίαμο ομπρός του.,0
"Σαστίσαν γύρα του κι οι σύντροφοι, κι ο ένας τον άλλο εθώρουν.",-1
Κι ο Πρίαμος τότε τέτοια αρχίνησε να λέει παρακαλώντας:,0
"« Βάλε στο νου, Αχιλλέα θεόμορφε, τον κύρη το δικό σου'",0
"ενός καιρού 'μαστε, στην τελείωση των γερατιών των έρμων.",0
"Μπορεί κι αυτός απ᾿ τους γειτόνους του να τυραννιέται γύρα,",0
κι ούτε ένα απ᾿ το κακό κι απ᾿ το άδικο διαφεντευτή δεν έχει.,-1
"Μα εκείνος, ζωντανός ακούγοντας πως είσαι, αναγαλλιάζει",0
"βαθιά στα φρένα, και νυχτόημερα τον δυναμώνει η ελπίδα,",0
τον ακριβό του υγιό πως κάποτε θα ιδεί απ την Τροία να γέρνει.,0
"Μα εγώ ο τρισάμοιρος, που αξιώθηκα τους γιους τους πιο αντρειωμένους",0
"στην Τροία να κάνω την απλόχωρη, καί δε μου απόμεινε ένας!",0
"Είχα πενήντα γιους, σαν έφτασαν οι Αργίτες εδώ πέρα'",0
"οι δεκαεννιά απ᾿ την ίδια εβγήκανε κοιλιά, τους άλλους όλους",0
μες στο παλάτι μου τους γέννησαν άλλες γυναίκες που 'χα.,0
"Οι πιο πολλοί απ᾿ τον Άρη εχάθηκαν τον άγριο, και τον έναν,",0
"ξεχωριστό, που μου παράστεκε την Τροία και μας τους ίδιους,",0
"την πατρική του γη ως διαφέντευε, τον σκότωσες πριν λίγες",0
"μέρες, τον Έχτορα. Για χάρη του στα πλοία σας φτάνω τώρα,",0
να τον λυτρώσω με την άμετρη την ξαγορά που φέρνω.,0
"Έλα, σεβάσου τους αθάνατους, συμπόνεσε και μένα,",0
"τον κύρη σου, Αχιλλέα, θυμάμενος᾿ πιο αξίζω εγώ συμπόνια'",0
"τι εβάστηξα ό,τι δεν εβάστηξε κανείς θνητός στον κόσμο,",0
του αντρούς πού τους υγιούς μου εσκότωσε το χέρι να φιλήσω!»,0
"Είπε, και τον καημό του εφούντωσε για το δικό του κύρη,",0
"κι έσπρωξε ανάλαφρα το γέροντα, το χέρι πιάνοντας του.",0
"Μαζί τους έπνιξαν οι θύμησες, τον έναν του αντρειωμένου",0
"του Εχτόρου, κι έκλαιγεν, ως σούρνονταν μπρος",0
στου Αχιλλέα τα πόδια',0
"θρηνούσε κι ο Αχιλλέας, τον κύρη του θυμάμενος, και πότε",0
"τον Πάτροκλο, κι ως πέρα οι θρήνοι τους γιόμιζαν το καλύβι.",0
"Μα σύντας ο Αχιλλέας εχόρτασεν ο αρχοντικός το κλάμα,",0
"κι ο πόθος απ᾿ τα σπλάχνα του έφυγε κι από τα γόνατα του,",0
"πετάχτη απ᾿ το θρονί κι ανάσκωσε το γέροντα απ᾿ το χέρι,",0
"ψυχοπονώντας τον για το άσπρο του κεφάλι, τ᾿ άσπρα γένια,",0
και κράζοντας τον με ανεμάρπαστα του συντυχαίνει λόγια:,-1
« Άμοιρε εσύ και που ποτίστηκες πικρά φαρμάκια τόσα!,0
"Μονάχος να 'ρθεις πώς το βάσταξες στ᾿ Αργίτικα καράβια,",-1
"τον άντρα ν᾿ αντικρίσεις, που άμετρους και ψυχωμένους",0
γιους σου,0
σου χάλασα; Καρδιά από σίδερο στα στήθια αλήθεια κλείνεις!,-1
"Μον᾿ έλα, στο θρονί για κάθισε, και τους καημούς μας όλους",0
"να γαληνέψουν ας αφήσουμε, κι ας καίγεται η καρδιά μας·",0
"όχι, δε βγαίνει τίποτα όφελος απ᾿ το φριχτό το κλάμα.",0
"Τέτοια οι θεοί μαθές στους άμοιρους θνητούς έκλωσαν μοίρα,",-1
"να ζουν με πίκρες και με βάσανα, κι αυτοί περνούν ανέγνοιοι.",1
"Μπροστά στου Δία την πόρτα βρίσκουνται στημένα δυο πιθάρια,",0
"να 'χει να δίνει, το 'να βάσανα, το άλλο αγαθά γεμάτο.",0
"Κι αν δώσει ο Δίας ο κεραυνόχαρος μαζί απ᾿ τα δυο σε κάποιον,",0
"πότε λαχαίνει τούτος βάσανα, πότε χαρές μεγάλες.",0
"Μ᾿ απ᾿ τα κακά μονάχα αν του 'δωσε, τον πνίγει η καταφρόνια,",0
"τον κυνηγάει λιμάγρα αβάσταχτη στην άγια γης απάνω,",0
και τριγυρνάει κι απ᾿ τους αθάνατους κι απ᾿ τους θνητούς διωγμένος.,0
Έτσι οι θεοί απ᾿ τα γεννητάτα του και στον Πηλέα χαρίσαν,0
"δώρα μεγάλα, και ξεχώριζε μες στους ανθρώπους όλους",0
"σε πλούτη κι αγαθά, κι αφέντευε στους Μυρμιδόνες μέσα,",-1
"και μια θεά για να 'χει του 'δωκαν, θνητός κι ας ήταν, ταίρι.",-1
Όμως ο Δίας με δίχως βάσανα δεν άφησε και τούτον,0
"γιους στο παλάτι του δε γέννησε, του θρόνου κληρονόμους·",0
"έναν υγιό μονάχα αξιώθηκε λιγόχρονο, που μήτε",0
"καν τώρα που γερνά τον γνοιάζομαι, τι απ᾿ την πατρίδα αλάργα",0
"κάθουμαι εδώ στην Τροία, τα τέκνα σου να τυραννώ και σένα!",0
"Και συ πιο πριν, ακούμε, γέροντα, χαιράμενος περνούσες'",0
"τι απ᾿ όσους ζουν στη Λέσβο ανάμεσα, στου Μάκαρα τη χώρα,",0
"και στη Φρυγία και στον απέραντον Ελλήσποντο από πάνω,",0
"δε σε νικούσε ουτ᾿ ένας, γέροντα, σε υγιούς και πλούτη, λένε.",0
"Μ᾿ απ᾿ τη στιγμή οι θεοί που σ᾿ έριξαν σ᾿ έτοιο κακό, μιαν ώρα",-1
γύρω απ᾿ το κάστρο δε σου απόλειψαν οι σκοτωμοί κι οι μάχες.,0
"Υπομονέψου ωστόσο, αδιάκοπα μη δέρνεσαι του κάκου'",1
δε βγαίνει από τη λύπη τίποτα· το γιο σου δε γυρίζεις,0
πίσω ξανά· πιο πριν απάντεχε κι άλλο κακό να σ᾿ έβρει!»,-1
Κι ο θεοπρόσωπος ο γέροντας απηλογήθη τότε:,0
"« Μη μου ζητάς, αρχοντογέννητε, να κάτσω· ακόμα ο γιος μου",0
"παραριγμένος κάπου κοίτεται μες στο καλύβι· αχ έλα,",0
"για λύτρωσε τον, με τα μάτια μου να τον ιδώ, και δέξου",0
"την πλούσια ξαγορά που φέρνουμε᾿ γεια και χαρά σου, παρ᾿ τη!",0
"Κι έτσι να γύρεις στην πατρίδα σου γερός, αφού με αφήκες",0
"και μένα ζωντανό, να χαίρουμαι του ήλιου το φως ακόμα.»",0
Τότε ο Αχιλλέας ο γοργοπόδαρος ταυροκοιτώντας του 'πε:,0
"«Μη με φουρκίζεις τώρα, γέροντα! το 'χω κι εγώ",0
στο νου μου,0
να σου λυτρώσω πια τον Έχτορα᾿ τι ήρθε απ᾿ το Δία μηνύτρα,0
"η ίδια η μητέρα μου, του γέροντα της θάλασσας η κόρη.",0
"Κι εγώ το νιώθω, Πρίαμε, σίγουρα, το νου μου δεν ξεφεύγει,",0
κάποιος θεός εδώ πως σ᾿ έφερε στ᾿ Αργίτικα καράβια',0
"τι άλλος κανείς ως τα λημέρια μας δε θα βαστούσε να 'ρθει,",-1
κι ας ήταν νιος· οι φυλάκτορες θα τόνε βλέπαν κι ούτε,0
το σύρτη από την πόρτα μου εύκολα μπορούσε να κουνήσει.,0
"Γι᾿ αυτό τα φρένα μες στον πόνο μου μη μου ταράζεις τώρα,",0
"και σένα απ᾿ το καλύβι, γέροντα, τον ίδιο μην πετάξω,",-1
κι ας είσαι ικέτης μου᾿ το θέλημα του Δία πατώντας έτσι.»,0
"Είπε, κι ο γέροντας φοβήθηκε κι υπάκουσε στο λόγο.",0
"Τότε ο Αχιλλέας σα λιόντας πήδηξε κι όξω απ᾿ την πόρτα εβγήκε,",0
όχι μονάχος του᾿ τον Άλκιμο πήρε μαζί του ακόμα,0
"και τον αντρόκαρδο Αυτομέδοντα, τους δυο πιστούς συντρόφους,",0
που απ᾿ τον καιρό που έχάθη ο Πάτροκλος πιο απ᾿ όλους αγαπούσε.,0
"Και πιάνουν τότε οι τρεις και τ᾿ άλογα ξεζεύουν και τις μούλες,",0
"κι ως φέραν μέσα το βροντόφωνο του γέροντα διαλάλη,",0
να κάτσει σε σκαμνί τον έβαλαν κι από το στέριο κάρο,0
"το βιος ξεφόρτωσαν το αρίφνητο, την ξαγορά του Εχτόρου'",0
"κι αφήκαν μόνο ένα καλόφαντο πανί και δυο κιλίμια,",0
"να 'ναι ο νεκρός, ως θα τον έπαιρναν να φύγουν, σκεπασμένος.",0
Μετά τις σκλάβες όξω εφώναξε και λέει να τον ασκώσουν,0
"πέρα μακριά, κι αφού τον λούσουνε, να τον αλείψουν μύρα·",-1
"τι αλλιώς, το γιο του ο Πρίαμος βλέποντας, μπορούσε στον καημό του",0
"ν᾿ αφήσει να ξεσπάσει η πίκρα του᾿ κι αν θύμωνε ο Αχιλλέας,",0
"θα τον εσκότωνε, το θέλημα του Δία πατώντας έτσι.",0
Κι ως οι γυναίκες τον απόλουσαν και τον άλειψαν μύρα,0
"και γύρα το χιτώνα του 'βαλαν και τ᾿ όμορφο κιλίμι,",1
"πήρε ο Αχιλλέας και τον απίθωσε στο στρώμα πάνω ατός του,",0
κι οι σύντροφοι του τον εσήκωσαν στο τορνευτό καρότσι.,0
Τότε ο Αχιλλέας θρηνώντας έκραξε το σύντροφο του κι είπε:,0
"« Μη μου χολιάζεις, όχι, Πάτροκλε, σα μάθεις και στον Άδη",0
το θείο τον Έχτορα πως λύτρωσα και δίνω πίσω᾿ τι όσα,0
μου 'δωσε ο κύρης του γι᾿ αντίμεμα του πεταμού δεν είναι.,0
"Και συ απ᾿ αυτά θα πάρεις, έννοια σου, το μερτικό που πρέπει.»",1
"Είπε ο Αχιλλέας ο αρχοντογέννητος, και στο καλύβι πίσω",0
"μπαίνοντας κάθισε στ᾿ ωριόπλουμο θρονί, που πριν καθόταν,",0
"στον τοίχο αντίκρα, κι έτσι εμίλησε στο γέροντα γυρνώντας:",-1
"«Ο γιος σου, Πρίαμε, πια λυτρώθηκε, το θέλημα σου εγίνη,",0
κι απά στο στρώμα τώρα κοίτεται᾿ θα τόνε ιδείς,0
κι ατός σου,-1
"ευτύς ως φέξει, κουβαλώντας τον᾿ καιρός για δείπνο τώρα.",0
"Κι η Νιόβη ακόμα η καλοπλέξουδη στερνά να φάει θυμήθη,",0
"που δώδεκα παιδιά της έχασε στο αρχοντικό της μέσα,",-1
γιους έξι στον ανθό της νιότης τους και θυγατέρες έξι·,0
τους γιους ο Απόλλωνας τους σκότωσε με το αργυρό δοξάρι,0
"θυμώνοντας της Νιόβης, κι η Άρτεμη τις κόρες η δοξεύτρα,",0
"με τη Λητώ τη ροδομάγουλη καθώς συνεριζόταν,",0
"τάχα παιδιά πολλά πως γέννησε, και δυο η Λητώ μονάχα'",0
"όμως εκείνοι, δυο κι ας ήτανε, της τα σκότωσαν όλα.",0
"Μέρες εννιά κοιτόνταν στο αίμα τους, κι ουτ᾿",0
ένας δε βρισκόταν,0
για να τα θάψει᾿ τι είχε γύρω τους τον κόσμο ο Δίας πετρώσει.,1
"Τέλος, στις δέκα απάνω, τα 'θαψαν οι αθάνατοι του Ολύμπου'",1
"κι αύτη να κλαίει σαν πια κουράστηκε, στερνά να φάει θυμήθη.",0
"Τώρα σε βράχια κάπου, ανάμεσα σε απάτητα φαράγγια,",0
"στη Σίπυλο, που λεν πως διάλεξαν οι αθάνατες νεράιδες",0
"να 'χουν λημέρι, και χορεύουνε στον Αχελώο τρογύρα,",0
"κλωσάει τους πόνους τους θεόσταλτους, κι ας έχει γίνει πέτρα.",0
"Ομπρός λοιπόν, σεβάσμιε γέροντα, κι εμείς να φάμε τώρα,",0
"κι έχεις καιρό να κλάψεις έπειτα τον ακριβό το γιο σου,",0
στο κάστρο ως θα τον μπάσεις᾿ κλάματα —αλλά στ᾿ αλήθεια αξίζει!»,0
"Είπε ο Αχιλλέας, και σβέλτος πήδηξε, κι αρνί κάτασπρο σφάζει·",0
"κι οι σύντροφοί του, ευτύς που το 'γδαραν, το γνοιάστηκαν ως πρέπει,",0
"το λιάνισαν μετά και πέρασαν στις σούβλες τα κομμάτια,",0
"κι ως στη φωτιά με τέχνη τα 'ψησαν, τ᾿ αποτραβήξαν όλα.",0
Τότε ο Αυτομέδοντας μες σε όμορφα πανέρια στο τραπέζι,0
"ψωμί μοιράζει, κι ο πανέμνοστος γιος του Πηλέα το κρέας.",0
Κι έτσι πια εκείνοι ομπρός τους στα έτοιμα φαγιά τα χέρια άπλωσαν,0
"και σύντας του πιοτού θαράπεψαν και του φαγιού τον πόθο,",1
"να καμαρώνει ο Πρίαμος άρχισε τον Αχιλλέα, θωρώντας",0
"πόσο τρανός φαινόταν κι όμορφος, με τους θεούς",0
παρόμοιος.,0
"Ωστόσο κι ο Αχιλλέας καμάρωνε το γέροντα αντικρύ του,",0
"το αρχοντικό του θώρι βλέποντας, το λόγο του γρικώντας.",0
"Μα πια σα χόρτασαν θαμάζοντας ο ένας τον άλλο, πρώτος",-1
Ο Πρίαμος πήρε ο θεοπρόσωπος κι αρχίνησε να λέει:,0
"« Βάλε με τώρα, αρχοντογέννητε, να γείρω σε κλινάρι,",0
"καιρό μη χάνεις, τον ολόγλυκο τον ύπνο να χαρούμε᾿",0
τι μάτι ακόμα εγώ δε σφάλιξα στα βλέφαρα από κάτω,0
"από την ώρα που τα χέρια σου νεκρό το γιο μου έριξαν,",0
"μον᾿ όλο κλαίω και τα φαρμάκια μου τα μύρια αναχαράζω,",0
"μες στη φραγμένη αυλή μου ως κοίτουμαι, στη λάσπη κυλισμένος.",0
Μα τώρα και κρασί κατέβασα φλογάτο απ᾿ το λαιμό μου,0
και ψωμί γεύτηκα᾿ πρωτύτερα θροφή δεν είχα αγγίξει.»,0
"Αυτά είπε, κι ο Αχιλλέας τους συντρόφους προστάζει και τις δούλες",0
"στο σκεπαστό να στρώσουν γρήγορα, και βυσσινιά να βάλουν",-1
"ώρια στρωσίδια, κι από πάνω τους ν᾿ απλώσουν αντρομίδες,",0
κι ακόμα και σγουρές για σκέπασμα φλοκάτες από πάνω.,0
"Κι εκείνες βγήκαν απ᾿ την κάμαρα με τα δαδιά στα χέρια,",0
"και γρήγορα, με βιάση ως δούλευαν, τους στρώσαν δυο κλινάρια.",-1
Τότε ο Αχιλλέας ο γοργοπόδαρος πειράζοντας τον είπε:,0
"«Γέροντα, απόξω τώρα πλάγιασε, κανείς τυχόν Αργίτης",-1
"μη φτάσει εδώ από τους πρωτόγερους, που κάθε τόσο έρχονται",-1
"μαζί να βουλευτούμε θέλοντας, σε αρχόντους ως ταιριάζει.",0
"Κανείς τους αν σε ιδεί στην άφωτη, γοργή νυχτιά, να τρέξει",0
"μπορεί, του ρήγα του Αγαμέμνονα μεμιάς να το προκάνει,",-1
κι έτσι το γιο σου ως να λυτρώσουμε πολύς καιρός περάσει.,0
"Μον᾿ έλα τώρα, δωσ᾿ μου απόκριση και πες την πάσα αλήθεια:",0
"Σαν πόσες μέρες θες για του Έχτορα του αρχοντικού το ξόδι,",0
για να μην μπω κι εγώ στον πόλεμο και να κρατώ τ᾿ ασκέρι;»,0
Κι ο θεοπρόσωπος ο γέροντας του απηλογήθη τότε:,0
"«Αν να με αφήσεις θες τον Έχτορα τον αντρειανό να θάψω,",0
"αυτό, Αχιλλέα, να κάνεις, κι άμετρη θα σου χρωστούσα χάρη:",0
"Κλεισμένοι στο καστρί βρισκόμαστε, το ξέρεις, κι είναι αλάργα",0
"τα ξύλα απ᾿ το βουνό ως να φέρουμε, κι οί Τρώες δειλιούν περίσσια.",0
"Μέρες εννιά μες στο παλάτι μου θα τον μοιρολογούμε,",0
"στις δέκα πάνω θα τον θάψουμε κι η μακαριά θα γένει,",1
"μετά, στις έντεκα, από πάνω του θ᾿ ασκώσουμε μνημούρι,",0
"και πια στις δώδεκα στον πόλεμο θα μπούμε, αν είναι ανάγκη.»",0
"Και τότε ο αρχοντικός, γοργόποδος του μίλησε Αχιλλέας:",0
"«Και τούτα θα σου γίνουν, γέροντα, καθώς τα θέλεις τώρα'",0
θα ορίσω να σκολάσει ο πόλεμος όσον καιρό γυρεύεις.»,0
"Αυτά είπε, κι έπιασε το γέροντα στο χέρι το δεξιό του,",0
"πα στον αρμό, καμιά στα σπλάχνα του μην έχει πια τρομάρα.·",0
"Έτσι σε λίγο στον αυλόγυρο κοιμόντουσαν εκείνοι,",0
"ο γέρο Πρίαμος κι ο διαλάλης του, κι οι δυο τους μυαλωμένοι.",0
"Κοιμόταν κι ο Αχιλλέας στο στέριο του μέσα βαθιά καλύβι,",0
και δίπλα του είχε η ροδομάγουλη ξαπλώσει Βρισοπούλα.,0
"Οι άλλοι, θνητοί καστροπολέμαρχοι κι αθάνατοι, εκοιμόνταν",0
"ολονυχτίς, απ᾿ τον ολόγλυκο τον ύπνο δαμασμένοι'",0
"μονάχα τον Ερμή δεν έπιανε τον πρωτοκλέφτη ο γύπνος,",0
τι μες στο νου του στριφογύριζε το πως θα ξεμακρύνει,0
"το βασιλιά τον Πρίαμο απ᾿ τ᾿ άρμενα, κρυφά απ᾿ τους θυροκράτες'",-1
τρέχει και στέκεται από πάνω του κι αυτά του λέει τα λόγια:,0
"« Κακό δε βάζει ο νους σου, γέροντα, κι έτσι κοιμάσαι ανέγνοιος",-1
"μες στους αντίμαχους, απείραχτο μια κι ο Αχιλλέας σ᾿ αφήκε.",0
"Το γιο σου τώρα κι αν ελύτρωσες με τα πολλά σου δώρα,",1
όμως οι γιοι σου λέω που απόμειναν για τη ζωή σου εσένα,0
"τριπλά θα δώσουν, ο Αγαμέμνονας, ο γιος του Ατρέα, σα μάθει",0
"εδώ πως βρίσκεσαι, κι αντάμα του το μάθουν κι οι άλλοι Αργίτες.»",0
"Είπε, κι ο γέροντας ετρόμαξε, και ξύπνησε τον κράχτη,",0
"κι ο Ερμής τις μούλες και τ᾿ αλόγατα τους ζεύει, και με βιάση ·",0
"μέσα απ᾿ τ᾿ ασκέρι τους διαπέρασε, κι ουδέ ψυχή τους είδε.",-1
"Μα σύντας φτάσαν στου ωριορέματου του ποταμού το διάβα,",1
"στου πολυστρόβιλου του Σκάμαντρου, που είχε γεννήσει ο Δίας,",1
ο Ερμής για τον τρανό τον Όλυμπο ξανακινάει και φεύγει.,0
"Κι ως φάνη απά στη γης απλώνοντας η Αυγή η κροκομαντούσα,",0
εκείνοι προς το κάστρο τ᾿ άλογα με στεναγμούς και θρήνους,0
"κεντούσαν το νεκρό τον έσερναν οι μούλες, και κανένας",0
πριν άλλος άντρας για ομορφόζωνη γυναίκα δεν τους είδε,-1
"εξόν απ᾿ τη Κασσάντρα, που έμοιαζε με τη χρυσή Αφροδίτη·",0
"τι ως είχε ανέβει απά στα Πέργαμα, στο αμάξι; ορθό να στέκει",1
"τον ακριβό της κύρη εξέκρινε, μαζί και το διαλάλη.",0
"Κι ως είδε το νεκρό να κοίτεται στο κάρο με τις μούλες,",0
σέρνει τρανή φωνή σκληρίζοντας σε όλο το κάστρο γύρα:,0
"« Ελάτε, Τρώες και Τρωαδίτισσες, τον Έχτορα να ιδείτε,",0
"που άλλες φορές αναγαλλιάζατε, σα γύριζε απ᾿ τη μάχη",0
"γερός, τι αλήθεια κι ήταν σε όλους μας η πιο τρανή αναγάλλια!»",0
"Αυτά είπε, και κανείς δεν έμεινε μήτε άντρας μες στο κάστρο",0
"μήτε γυναίκα, τι ανεβάσταχτος τους έπνιγε όλους πόνος.",-1
"Στις πόρτες έσμιξαν το γέροντα, με το νεκρό που ερχόταν",0
κι απ᾿ όλους πρώτες η γυναίκα του κι η σεβαστή του η μάνα,-1
"συρομαδιούνταν στο καλότροχο χιμίζοντας καρότσι,",0
"κι ανακρατούσαν το κεφάλι του, κι όλοι εθρηνούσαν γύρω.",1
"Κι όλη τη μέρα αυτή θα δέρνουνταν, ως να βουτήξει ό γήλιος,",0
"χύνοντας δάκρυα για τον Έχτορα στο καστροπόρτι απόξω,",0
αν απ᾿ το αμάξι απάνω ο γέροντας δε φώναζε στον κόσμο:,0
« Στις μούλες να διαβούν ανοίξετε! Και σαν τον κουβαλήσω,1
"στο σπίτι μέσα, να χορτάσετε μπορείτε τότε θρήνο.»",0
"Είπε, κι εκείνοι επαραμέρισαν, για να διαβεί τ᾿ αμάξι.",0
"Κι αφού τον μπάσαν μες στο σπίτι του το ξακουστό, τον βαλαν",0
"πα σε κλινάρι, και του αράδισαν τραγουδιστάδες",0
"δίπλα,",0
"το μοιρολόι που πρώτοι αρχίνιζαν, και το θλιφτό σκοπό τους",0
"μοιρολογούσαν, κι αποκρίνουνταν με κλάματα οι γυναίκες.",0
"Πρώτη η Αντρομάχη η χιονοβράχιονη κινάει το μοιρολόγι,",0
κρατώντας το κεφάλι του Έχτορα του αντροφονιά στα χέρια:,0
"« Άντρα μου, εχάθης πα στα νιάτα σου, κι εμένα αφήνεις χήρα",0
"στο σπίτι μέσα, κι είναι ανήλικο, μικρό παιδάκι ο γιος μας,",0
"που οι δόλιοι, εσύ κι εγώ, γεννήσαμε, κι ουδέ που θα προφτάσει",0
να μας τρανέψει λέω᾿ πρωτύτερα συθέμελο το κάστρο,0
"θα πατηθεί, τι αλήθεια εχάθηκες εσύ ο διαφεντευτής του,",0
που τις σεμνές γυναίκες γλίτωνες και τα μωρά,0
παιδιά τους.,0
"Σε λίγο τούτες μέσα στ᾿ άρμενα τα βαθουλά μισεύουν,",-1
"το ίδιο κι έγώ᾿ κι εσύ για αντάμα μου θα ταξιδέψεις, γιε μου,",-1
"κι εκεί να κάνεις θα σε βάζουνε δουλειές αταίριαστες σου,",0
"μοχτώντας μπρος σε αφέντη ανήμερο, για θα σε αρπάξει κάποιος",0
"απ᾿ τους Αργίτες, κι απ᾿ τους πύργους μας θα σε γκρεμίσει, αλί μου,",0
"όλο θυμό, που ο μέγας Έχτορας του σκότωσε για αδέρφι·",0
για γιο για κύρη᾿ τι την άμετρη τη γη περίσσιοι Αργίτες,0
έχουν δαγκάσει κάτω απ᾿ του Έχτορα τα χέρια αλήθεια ως τώρα.,0
Δεν ήταν μαλακός ο κύρης σου στην άγρια μέσα μάχη·,0
γι᾿ αυτό χτυπιέται ο κόσμος σύψυχος στο κάστρο τώρα ολούθε',0
"και στους γονιούς σου πένθος, Έχτορα, και κλάματα χαρίζεις,",0
όμως εμένα απ᾿ όλους πότισες το πιο πικρό φαρμάκι',0
"τι από το στρώμα σου πεθαίνοντας δε μου άπλωσες τα χέρια,,",0
"κι ούτε καμιά απ᾿ το στόμα σου άκουσα παρηγοριάς κουβέντα,",0
μέρα και νύχτα εγώ στους θρήνους μου να την κρατώ στο νου μου!»,-1
"Τέτοια θρηνώντας έλεε, κι έκλαιγαν μαζί της κι οι γυναίκες.",0
Κι η Εκάβη αναμεσό τους κίνησε πικρό το μοιρολόγι:,1
"« Έχτορα εσύ, που απ᾿ όλους πιότερο τους γιους μου σε αγαπούσα,",0
"όσο μου εζούσες πριν, οι αθάνατοι σου 'χαν περίσσια αγάπη,",1
"όμως και τώρα λέω σε γνοιάστηκαν, κι ας είσαι",0
σκοτωμένος.,0
"Τους άλλους ο Αχιλλέας ο γρήγορος σαν έπιανε τους γιους μου,",0
"πέρα απ᾿ τη θάλασσα την άκαρπη στην Ίμπρο τους πουλούσε,",-1
"στη Σαμοθράκη, στην ολόισκιωτη, καταχνιασμένη Λήμνο.",0
"Όμως εσένα σε θανάτωσε με το μακρύ κοντάρι,",0
"κι όλο στο μνήμα γύρω σ᾿ έσουρνε του ακράνη του, που του 'χες",0
"σκοτώσει εσύ᾿ μα κι έτσι ο Πάτροκλος δεν αναστήθηκε, όχι!",0
"Και τώρα ολόδροσος στο σπίτι σου μου κοίτεσαι, πριν λίγο",0
"σα να σκοτώθης, λες κι ο Απόλλωνας ο Ασημοδοξαράτος",0
με τις απόνετες σαγίτες του σ᾿ έχει απαλά σκοτώσει.»,0
"Έτσι τον έκλαιε, κι όλοι γύρα της αλάγιαστα εθρηνούσαν.",0
Κι η Ελένη αναμεσό τους κίνησε στερνή το μοιρολόγι:,1
"« Έχτορα εσύ, που απ᾿ τ᾿ αντραδέρφια μου πιο απ᾿ όλους αγαπούσα,",0
"άντρας μου ο Πάρης ο πεντάμορφος λογιέται, που εδώ πέρα",0
μ᾿ έχει φερμένη—αχ και να πέθαινα πριν γίνουν όλα ετούτα!,0
Είκοσι χρόνια κιόλα εδιάβηκαν από τη μαύρη μέρα,-1
"που έφυγα εκείθε και παράτησα τη γη την πατρική μου,",0
κι όμως πικρό σου εγώ δεν άκουσα μήτε άσκημο σου λόγο·,0
κι άλλος τυχόν μαζί μου αν τα 'βαζε στο σπίτι—για κουνιάδα,-1
για αντράδερφος για συννυφάδα μου μαθές ωριομαντούσα,0
"για η πεθερά (τι σαν πατέρας μου γλυκός ο πεθερός μου),",0
"εσύ μιλώντας τον αμπόδιζες, του γύριζες τη γνώμη",0
"με την περίσσια καλοσύνη σου, με τα γλυκά σου λόγια.",1
Γι᾿ αυτό και σένα τώρα αλάρωτα και μένα κλαίω την έρμη·,0
"τι πια στην Τροία κανείς δεν έμεινε να θέλει το καλό μου,",0
μήτε να δείχνει μου συμπόνεση᾿ με σιχάθηκαν όλοι!»,0
"Τέτοια θρηνώντας έλεε, κι έκλαιγε κι ο κόσμος όλος γύρα.",0
Και τότε ο γέρο Πρίαμος μίλησε γυρνώντας στο λαό του:,0
"«Όμπρός οι Τρώες, να κουβαλήσετε στο κάστρο εδώ τα ξύλα,",0
και μη φοβάστε να σας στήσουνε κρυφό καρτέρι οι Αργίτες·,0
"τι ως ο Αχιλλέας με ξεπροβόδιζεν από τα πλοία, μου το 'πε,",0
πριν ξημερώσουν μέρες δώδεκα πως δε θα μας χτυπήσουν.»,-1
"Είπε, κι εκείνοι ευτύς στα κάρα τους βόδια και μούλες ζεύουν,",0
και δίχως άργητα μαζεύουνται μετά μπροστά απ᾿ το κάστρο.,-1
"Μέρες εννιά περνούν, κι αρίφνητα φορτώματα σώριαζαν",0
"κι όντας στις δέκα πάνω επρόβαλεν η Αυγή η λαμπροφωτούσα,",1
"τον αντρειωμένο έβγαζαν Έχτορα με θρήνους, και στα ξύλα",0
"ψηλά από πάνω τον απίθωσαν, κι ευτύς φωτιά του έβαλαν.",-1
"Κι η Αυγή σα φάνη η πουρνογέννητη και ροδοδαχτυλάτη,",0
τρογύρα απ᾿ την πυρά εμαζώχτηκαν του ξακουσμένου Εχτόρου,0
ο κόσμος όλος· κι ως συνάχτηκαν κι όλοι μαζί,0
"βρέθηκαν,",0
πήραν και σβήσαν με φλογόμαυρο κρασί τη θράκα πρώτα,0
"από μιαν άκρη ως άλλη, ως που 'φτασε της πυρκαγιάς η λύσσα'",0
μετά μάζεψαν τ᾿ άσπρα κόκαλα τ᾿ άδέρφια κι οι συντρόφοι,0
"θρηνώντας, κι έτρεχαν τα κλάματα στα μαγουλά τους βρύση.",0
"Κι ως τα σύναξαν, σε κατάχρυση τα βαλαν μέσα θήκη,",0
"με βυσσινί απαλό περίγυρα σκουτί σκεπάζοντας τα,",0
"και σε ανοιγμένο λάκκο τα 'χωσαν με βιάση, κι από πάνω",0
με πέτρες κλειδωτές τον έστρωσαν μεγάλες πέρα ως πέρα',0
"και βιαστικά το χώμα εσώρωσαν, και γύρα έστησαν βάρδιες,",0
μην τύχει πριν και πέσουν πάνω τους οι Αργίτες οι αντρειωμένοι.,0
"Κι ως πια ψηλά το χώμα εσώρωσαν, γυρνούν και φεύγουν πίσω'",0
"μετά σε πλούσιες τάβλες έτρωγαν, με τάξη συναγμένοι,",0
"μέσα στου Πριάμου, του τρισεύγενου ρηγάρχη, το παλάτι.",0
"Έτσι τον έθαψαν τον Έχτορα, το γαύρο αλογομάχο.",0
